Name;Type;RA;Dec;Const;MajAx;MinAx;PosAng;B-Mag;V-Mag;J-Mag;H-Mag;K-Mag;SurfBr;Hubble;Pax;Pm-RA;Pm-Dec;RadVel;Redshift;Cstar U-Mag;Cstar B-Mag;Cstar V-Mag;M;NGC;IC;Cstar Names;Identifiers;Common names;NED notes;OpenNGC notes;Sources
Absolutno;Star;07:46:51.96;+39:05:40.5;Lyn;;;;;11.95;;;;;;;;;;;;;;;;;;XO-5;Absolutno;;;
Acamar;Star;02:58:15.67;-40:18:16.8;Eri;;;;;2.88;;;;;;;;;;;;;;;;;;HR 897,tet01 Eri,HIP 13847,HD 18622;Acamar;;;
Achernar;Star;01:37:42.85;-57:14:12.3;Eri;;;;;0.45;;;;;;;;;;;;;;;;;;HR 472,alf Eri,HIP 7588,HD 10144;Achernar;;;
Achird;Star;00:49:06.29;+57:48:54.7;Cas;;;;;3.46;;;;;;;;;;;;;;;;;;HR 219,eta Cas,HIP 3821,HD 4614;Achird;;;
Acrab;Star;16:05:26.23;-19:48:19.6;Sco;;;;;2.56;;;;;;;;;;;;;;;;;;HR 5984,bet Sco,HIP 78820,HD 144217;Acrab;;;
Acrux;Star;12:26:35.90;-63:05:56.7;Cru;;;;;1.33;;;;;;;;;;;;;;;;;;HR 4730,alf Cru,HIP 60718,HD 108248;Acrux;;;
Acubens;Star;08:58:29.22;+11:51:27.7;Cnc;;;;;4.26;;;;;;;;;;;;;;;;;;HR 3572,alf Cnc,HIP 44066,HD 76756;Acubens;;;
Adhafera;Star;10:16:41.42;+23:25:02.3;Leo;;;;;3.43;;;;;;;;;;;;;;;;;;HR 4031,zet Leo,HIP 50335,HD 89025;Adhafera;;;
Adhara;Star;06:58:37.55;-28:58:19.5;CMa;;;;;1.50;;;;;;;;;;;;;;;;;;HR 2618,eps CMa,HIP 33579,HD 52089;Adhara;;;
Adhil;Star;01:22:20.42;+45:31:43.6;And;;;;;4.87;;;;;;;;;;;;;;;;;;HR 390,ksi And,HIP 6411,HD 8207;Adhil;;;
Ain;Star;04:28:37.00;+19:10:49.6;Tau;;;;;3.53;;;;;;;;;;;;;;;;;;HR 1409,eps Tau,HIP 20889,HD 28305;Ain;;;
Ainalrami;Star;18:54:10.18;-22:44:41.4;Sgr;;;;;4.86;;;;;;;;;;;;;;;;;;HR 7116,nu01 Sgr,HIP 92761,HD 174974;Ainalrami;;;
Aladfar;Star;19:13:45.49;+39:08:45.5;Lyr;;;;;4.43;;;;;;;;;;;;;;;;;;HR 7298,eta Lyr,HIP 94481,HD 180163;Aladfar;;;
Alasia;Star;18:21:49.78;-11:55:21.7;Ser;;;;;7.95;;;;;;;;;;;;;;;;;;HD 168746,HIP 90004,HD 168746;Alasia;;;
Albaldah;Star;19:09:45.83;-21:01:25.0;Sgr;;;;;2.88;;;;;;;;;;;;;;;;;;HR 7264,pi Sgr,HIP 94141,HD 178524;Albaldah;;;
Albali;Star;20:47:40.55;-09:29:44.8;Aqr;;;;;3.78;;;;;;;;;;;;;;;;;;HR 7950,eps Aqr,HIP 102618,HD 198001;Albali;;;
Albireo;Star;19:30:43.28;+27:57:34.9;Cyg;;;;;3.37;;;;;;;;;;;;;;;;;;HR 7417,bet Cyg,HIP 95947,HD 183912;Albireo;;;
Alchiba;Star;12:08:24.82;-24:43:43.9;Crv;;;;;4.02;;;;;;;;;;;;;;;;;;HR 4623,alf Crv,HIP 59199,HD 105452;Alchiba;;;
Alcor;Star;13:25:13.54;+54:59:16.6;UMa;;;;;3.99;;;;;;;;;;;;;;;;;;HR 5062,80 UMa,HIP 65477,HD 116842;Alcor;;;
Alcyone;Star;03:47:29.08;+24:06:18.5;Tau;;;;;2.85;;;;;;;;;;;;;;;;;;HR 1165,eta Tau,HIP 17702,HD 23630;Alcyone;;;
Aldebaran;Star;04:35:55.24;+16:30:33.5;Tau;;;;;0.87;;;;;;;;;;;;;;;;;;HR 1457,alf Tau,HIP 21421,HD 29139;Aldebaran;;;
Alderamin;Star;21:18:34.77;+62:35:08.1;Cep;;;;;2.45;;;;;;;;;;;;;;;;;;HR 8162,alf Cep,HIP 105199,HD 203280;Alderamin;;;
Aldhanab;Star;21:53:55.73;-37:21:53.5;Gru;;;;;3.00;;;;;;;;;;;;;;;;;;HR 8353,gam Gru,HIP 108085,HD 207971;Aldhanab;;;
Aldhibah;Star;17:08:47.20;+65:42:52.9;Dra;;;;;3.17;;;;;;;;;;;;;;;;;;HR 6396,zet Dra,HIP 83895,HD 155763;Aldhibah;;;
Aldulfin;Star;20:33:12.77;+11:18:11.7;Del;;;;;4.03;;;;;;;;;;;;;;;;;;HR 7852,eps Del,HIP 101421,HD 195810;Aldulfin;;;
Alfirk;Star;21:28:39.60;+70:33:38.6;Cep;;;;;3.23;;;;;;;;;;;;;;;;;;HR 8238,bet Cep,HIP 106032,HD 205021;Alfirk;;;
Algedi;Star;20:18:03.26;-12:32:41.5;Cap;;;;;3.58;;;;;;;;;;;;;;;;;;HR 7754,alf02 Cap,HIP 100064,HD 192947;Algedi;;;
Algenib;Star;00:13:14.15;+15:11:00.9;Peg;;;;;2.83;;;;;;;;;;;;;;;;;;HR 39,gam Peg,HIP 1067,HD 886;Algenib;;;
Algieba;Star;10:19:58.35;+19:50:29.4;Leo;;;;;2.61;;;;;;;;;;;;;;;;;;HR 4057,gam01 Leo,HIP 50583,HD 89484;Algieba;;;
Algol;Star;03:08:10.13;+40:57:20.3;Per;;;;;2.09;;;;;;;;;;;;;;;;;;HR 936,bet Per,HIP 14576,HD 19356;Algol;;;
Algorab;Star;12:29:51.86;-16:30:55.6;Crv;;;;;2.94;;;;;;;;;;;;;;;;;;HR 4757,del Crv,HIP 60965,HD 108767;Algorab;;;
Alhena;Star;06:37:42.71;+16:23:57.4;Gem;;;;;1.93;;;;;;;;;;;;;;;;;;HR 2421,gam Gem,HIP 31681,HD 47105;Alhena;;;
Alioth;Star;12:54:01.75;+55:57:35.4;UMa;;;;;1.76;;;;;;;;;;;;;;;;;;HR 4905,eps UMa,HIP 62956,HD 112185;Alioth;;;
Aljanah;Star;20:46:12.68;+33:58:12.9;Cyg;;;;;2.48;;;;;;;;;;;;;;;;;;HR 7949,eps Cyg,HIP 102488,HD 197989;Aljanah;;;
Alkaid;Star;13:47:32.44;+49:18:47.8;UMa;;;;;1.85;;;;;;;;;;;;;;;;;;HR 5191,eta UMa,HIP 67301,HD 120315;Alkaid;;;
Alkalurops;Star;15:24:29.43;+37:22:37.8;Boo;;;;;4.31;;;;;;;;;;;;;;;;;;HR 5733,mu01 Boo,HIP 75411,HD 137391;Alkalurops;;;
Alkaphrah;Star;09:03:37.53;+47:09:23.5;UMa;;;;;4.16;;;;;;;;;;;;;;;;;;HR 3594,kap UMa,HIP 44471,HD 77327;Alkaphrah;;;
Alkarab;Star;23:25:22.78;+23:24:14.8;Peg;;;;;4.42;;;;;;;;;;;;;;;;;;HR 8905,ups Peg,HIP 115623,HD 220657;Alkarab;;;
Alkes;Star;10:59:46.46;-18:17:55.6;Crt;;;;;4.08;;;;;;;;;;;;;;;;;;HR 4287,alf Crt,HIP 53740,HD 95272;Alkes;;;
Almaaz;Star;05:01:58.13;+43:49:23.9;Aur;;;;;3.03;;;;;;;;;;;;;;;;;;HR 1605,eps Aur,HIP 23416,HD 31964;Almaaz;;;
Almach;Star;02:03:53.95;+42:19:47.0;And;;;;;2.10;;;;;;;;;;;;;;;;;;HR 603,gam And,HIP 9640,HD 12533;Almach;;;
Alnair;Star;22:08:13.98;-46:57:39.5;Gru;;;;;1.73;;;;;;;;;;;;;;;;;;HR 8425,alf Gru,HIP 109268,HD 209952;Alnair;;;
Alnasl;Star;18:05:48.49;-30:25:26.8;Sgr;;;;;2.98;;;;;;;;;;;;;;;;;;HR 6746,gam02 Sgr,HIP 88635,HD 165135;Alnasl;;;
Alnilam;Star;05:36:12.81;-01:12:06.9;Ori;;;;;1.69;;;;;;;;;;;;;;;;;;HR 1903,eps Ori,HIP 26311,HD 37128;Alnilam;;;
Alnitak;Star;05:40:45.53;-01:56:33.3;Ori;;;;;1.74;;;;;;;;;;;;;;;;;;HR 1948,zet Ori,HIP 26727,HD 37742;Alnitak;;;
Alniyat;Star;16:21:11.32;-25:35:34.1;Sco;;;;;2.90;;;;;;;;;;;;;;;;;;HR 6084,sig Sco,HIP 80112,HD 147165;Alniyat;;;
Alphard;Star;09:27:35.24;-08:39:31.0;Hya;;;;;1.99;;;;;;;;;;;;;;;;;;HR 3748,alf Hya,HIP 46390,HD 81797;Alphard;;;
Alphecca;Star;15:34:41.27;+26:42:52.9;CrB;;;;;2.22;;;;;;;;;;;;;;;;;;HR 5793,alf CrB,HIP 76267,HD 139006;Alphecca;;;
Alpheratz;Star;00:08:23.26;+29:05:25.6;And;;;;;2.07;;;;;;;;;;;;;;;;;;HR 15,alf And,HIP 677,HD 358;Alpheratz;;;
Alpherg;Star;01:31:29.01;+15:20:45.0;Psc;;;;;3.83;;;;;;;;;;;;;;;;;;HR 437,eta Psc,HIP 7097,HD 9270;Alpherg;;;
Alrakis;Star;17:05:20.11;+54:28:12.3;Dra;;;;;5.55;;;;;;;;;;;;;;;;;;HR 6370,mu Dra,HIP 83608,HD 154906;Alrakis;;;
Alrescha;Star;02:02:02.83;+02:45:49.4;Psc;;;;;3.82;;;;;;;;;;;;;;;;;;HR 596,alf Psc,HIP 9487,HD 12446;Alrescha;;;
Alruba;Star;17:43:59.18;+53:48:06.2;Dra;;;;;5.75;;;;;;;;;;;;;;;;;;HR 6618,HIP 86782,HD 161693;Alruba;;;
Alsafi;Star;19:32:21.59;+69:39:40.2;Dra;;;;;4.67;;;;;;;;;;;;;;;;;;HR 7462,sig Dra,HIP 96100,HD 185144;Alsafi;;;
Alsciaukat;Star;08:22:50.11;+43:11:17.3;Lyn;;;;;4.25;;;;;;;;;;;;;;;;;;HR 3275,31 Lyn,HIP 41075,HD 70272;Alsciaukat;;;
Alsephina;Star;08:44:42.23;-54:42:31.7;Vel;;;;;1.99;;;;;;;;;;;;;;;;;;HR 3485,del Vel,HIP 42913,HD 74956;Alsephina;;;
Alshain;Star;19:55:18.79;+06:24:24.3;Aql;;;;;3.71;;;;;;;;;;;;;;;;;;HR 7602,bet Aql,HIP 98036,HD 188512;Alshain;;;
Alshat;Star;20:20:39.82;-12:45:32.7;Cap;;;;;4.77;;;;;;;;;;;;;;;;;;HR 7773,nu Cap,HIP 100310,HD 193432;Alshat;;;
Altair;Star;19:50:47.00;+08:52:06.0;Aql;;;;;0.76;;;;;;;;;;;;;;;;;;HR 7557,alf Aql,HIP 97649,HD 187642;Altair;;;
Altais;Star;19:12:33.30;+67:39:41.5;Dra;;;;;3.07;;;;;;;;;;;;;;;;;;HR 7310,del Dra,HIP 94376,HD 180711;Altais;;;
Alterf;Star;09:31:43.23;+22:58:04.7;Leo;;;;;4.32;;;;;;;;;;;;;;;;;;HR 3773,lam Leo,HIP 46750,HD 82308;Alterf;;;
Aludra;Star;07:24:05.70;-29:18:11.2;CMa;;;;;2.45;;;;;;;;;;;;;;;;;;HR 2827,eta CMa,HIP 35904,HD 58350;Aludra;;;
Alula Australis;Star;11:18:10.90;+31:31:45.0;UMa;;;;;4.41;;;;;;;;;;;;;;;;;;HR 4375,ksi UMa,HIP 55203,HD 98231;Alula Australis;;;
Alula Borealis;Star;11:18:28.74;+33:05:39.5;UMa;;;;;3.49;;;;;;;;;;;;;;;;;;HR 4377,nu UMa,HIP 55219,HD 98262;Alula Borealis;;;
Alya;Star;18:56:13.19;+04:12:13.0;Ser;;;;;4.62;;;;;;;;;;;;;;;;;;HR 7141,tet01 Ser,HIP 92946,HD 175638;Alya;;;
Alzirr;Star;06:45:17.36;+12:53:44.1;Gem;;;;;3.35;;;;;;;;;;;;;;;;;;HR 2484,ksi Gem,HIP 32362,HD 48737;Alzirr;;;
Amadioha;Star;06:13:35.66;-29:53:50.2;CMa;;;;;8.98;;;;;;;;;;;;;;;;;;HD 43197,HIP 29550,HD 43197;Amadioha;;;
Amansinaya;Star;11:01:35.90;-23:51:38.4;Crt;;;;;10.30;;;;;;;;;;;;;;;;;;WASP-34;Amansinaya;;;
Anadolu;Star;23:13:58.76;+08:45:40.6;Peg;;;;;11.95;;;;;;;;;;;;;;;;;;WASP-52;Anadolu;;;
Ancha;Star;22:16:50.04;-07:46:59.8;Aqr;;;;;4.17;;;;;;;;;;;;;;;;;;HR 8499,tet Aqr,HIP 110003,HD 211391;Ancha;;;
Angetenar;Star;02:51:02.32;-21:00:14.5;Eri;;;;;4.76;;;;;;;;;;;;;;;;;;HR 850,tau02 Eri,HIP 13288,HD 17824;Angetenar;;;
Aniara;Star;11:51:22.51;+57:38:26.6;UMa;;;;;7.86;;;;;;;;;;;;;;;;;;HD 102956,HIP 57820,HD 102956;Aniara;;;
Ankaa;Star;00:26:17.03;-42:18:21.9;Phe;;;;;2.40;;;;;;;;;;;;;;;;;;HR 99,alf Phe,HIP 2081,HD 2261;Ankaa;;;
Anser;Star;19:28:42.33;+24:39:53.7;Vul;;;;;4.44;;;;;;;;;;;;;;;;;;HR 7405,alf Vul,HIP 95771,HD 183439;Anser;;;
Antares;Star;16:29:24.46;-26:25:55.2;Sco;;;;;1.06;;;;;;;;;;;;;;;;;;HR 6134,alf Sco,HIP 80763,HD 148478;Antares;;;
Arcalis;Star;14:53:23.03;+18:14:07.5;Boo;;;;;7.80;;;;;;;;;;;;;;;;;;HD 131496,HIP 72845,HD 131496;Arcalis,Arcalís;;;
Arcturus;Star;14:15:39.67;+19:10:56.7;Boo;;;;;-0.05;;;;;;;;;;;;;;;;;;HR 5340,alf Boo,HIP 69673,HD 124897;Arcturus;;;
Arkab Posterior;Star;19:23:13.14;-44:47:59.2;Sgr;;;;;4.27;;;;;;;;;;;;;;;;;;HR 7343,bet02 Sgr,HIP 95294,HD 181623;Arkab Posterior;;;
Arkab Prior;Star;19:22:38.29;-44:27:32.3;Sgr;;;;;3.96;;;;;;;;;;;;;;;;;;HR 7337,bet01 Sgr,HIP 95241,HD 181454;Arkab Prior;;;
Arneb;Star;05:32:43.82;-17:49:20.2;Lep;;;;;2.58;;;;;;;;;;;;;;;;;;HR 1865,alf Lep,HIP 25985,HD 36673;Arneb;;;
Ascella;Star;19:02:36.73;-29:52:48.2;Sgr;;;;;2.60;;;;;;;;;;;;;;;;;;HR 7194,zet Sgr,HIP 93506,HD 176687;Ascella;;;
Asellus Australis;Star;08:44:41.10;+18:09:15.5;Cnc;;;;;3.94;;;;;;;;;;;;;;;;;;HR 3461,del Cnc,HIP 42911,HD 74442;Asellus Australis;;;
Asellus Borealis;Star;08:43:17.15;+21:28:06.6;Cnc;;;;;4.66;;;;;;;;;;;;;;;;;;HR 3449,gam Cnc,HIP 42806,HD 74198;Asellus Borealis;;;
Ashlesha;Star;08:46:46.51;+06:25:07.7;Hya;;;;;3.49;;;;;;;;;;;;;;;;;;HR 3482,eps Hya,HIP 43109,HD 74874;Ashlesha;;;
Aspidiske;Star;09:17:05.41;-59:16:30.8;Car;;;;;2.21;;;;;;;;;;;;;;;;;;HR 3699,iot Car,HIP 45556,HD 80404;Aspidiske;;;
Asterope;Star;03:45:54.48;+24:33:16.2;Tau;;;;;5.76;;;;;;;;;;;;;;;;;;HR 1151,21 Tau,HIP 17579,HD 23432;Asterope;;;
Atakoraka;Star;06:44:27.61;-32:51:30.2;CMa;;;;;12.53;;;;;;;;;;;;;;;;;;WASP-64;Atakoraka;;;
Athebyne;Star;16:23:59.49;+61:30:51.2;Dra;;;;;2.73;;;;;;;;;;;;;;;;;;HR 6132,eta Dra,HIP 80331,HD 148387;Athebyne;;;
Atik;Star;03:44:19.13;+32:17:17.7;Per;;;;;3.84;;;;;;;;;;;;;;;;;;HR 1131,omi Per,HIP 17448,HD 23180;Atik;;;
Atlas;Star;03:49:09.74;+24:03:12.3;Tau;;;;;3.62;;;;;;;;;;;;;;;;;;HR 1178,27 Tau,HIP 17847,HD 23850;Atlas;;;
Atria;Star;16:48:39.89;-69:01:39.8;TrA;;;;;1.91;;;;;;;;;;;;;;;;;;HR 6217,alf TrA,HIP 82273,HD 150798;Atria;;;
Avior;Star;08:22:30.84;-59:30:34.1;Car;;;;;1.86;;;;;;;;;;;;;;;;;;HR 3307,eps Car,HIP 41037,HD 71129;Avior;;;
Axolotl;Star;23:59:53.83;-22:25:41.2;Cet;;;;;8.23;;;;;;;;;;;;;;;;;;HD 224693,HIP 118319,HD 224693;Axolotl,Axólotl;;;
Ayeyarwady;Star;03:00:10.66;-20:48:09.4;Eri;;;;;7.81;;;;;;;;;;;;;;;;;;HD 18742,HIP 13993,HD 18742;Ayeyarwady;;;
Azelfafage;Star;21:42:05.66;+51:11:22.6;Cyg;;;;;4.69;;;;;;;;;;;;;;;;;;HR 8301,pi01 Cyg,HIP 107136,HD 206672;Azelfafage;;;
Azha;Star;02:56:25.65;-08:53:53.3;Eri;;;;;3.89;;;;;;;;;;;;;;;;;;HR 874,eta Eri,HIP 13701,HD 18322;Azha;;;
Azmidi;Star;07:49:17.66;-24:51:35.2;Pup;;;;;3.45;;;;;;;;;;;;;;;;;;HR 3045,ksi Pup,HIP 38170,HD 63700;Azmidi;;;
Baekdu;Star;14:56:48.35;+74:54:03.3;UMi;;;;;6.83;;;;;;;;;;;;;;;;;;HD 133086,8 UMi,HIP 73136,HD 133086;Baekdu;;;
Barnard's Star;Star;17:57:48.97;+04:40:05.8;Oph;;;;;9.54;;;;;;;;;;;;;;;;;;GJ 699,V2500 Oph,HIP 87937;Barnard's Star;;;
Baten Kaitos;Star;01:51:27.63;-10:20:06.2;Cet;;;;;3.74;;;;;;;;;;;;;;;;;;HR 539,zet Cet,HIP 8645,HD 11353;Baten Kaitos;;;
Beemim;Star;04:24:02.22;-34:01:00.7;Eri;;;;;3.97;;;;;;;;;;;;;;;;;;HR 1393,ups03 Eri,HIP 20535,HD 28028;Beemim;;;
Beid;Star;04:11:51.94;-06:50:15.3;Eri;;;;;4.04;;;;;;;;;;;;;;;;;;HR 1298,omi01 Eri,HIP 19587,HD 26574;Beid;;;
Belel;Star;19:21:04.23;-23:37:10.5;Sgr;;;;;7.55;;;;;;;;;;;;;;;;;;HD 181342,HIP 95124,HD 181342;Belel;;;
Belenos;Star;01:25:12.52;+28:34:00.1;Psc;;;;;7.12;;;;;;;;;;;;;;;;;;HD 8574,HIP 6643,HD 8574;Belenos,Bélénos;;;
Bellatrix;Star;05:25:07.86;+06:20:58.9;Ori;;;;;1.64;;;;;;;;;;;;;;;;;;HR 1790,gam Ori,HIP 25336,HD 35468;Bellatrix;;;
Berehynia;Star;04:24:59.53;+39:27:38.3;Per;;;;;11.72;;;;;;;;;;;;;;;;;;HAT-P-15;Berehynia;;;
Betelgeuse;Star;05:55:10.31;+07:24:25.4;Ori;;;;;0.45;;;;;;;;;;;;;;;;;;HR 2061,alf Ori,HIP 27989,HD 39801;Betelgeuse;;;
Bharani;Star;02:49:59.03;+27:15:37.8;Ari;;;;;3.61;;;;;;;;;;;;;;;;;;HR 838,41 Ari,HIP 13209,HD 17573;Bharani;;;
Bibha;Star;09:56:05.92;-03:48:30.3;Sex;;;;;8.73;;;;;;;;;;;;;;;;;;HD 86081,HIP 48711,HD 86081;Bibha,Bibhā;;;
Biham;Star;22:10:11.99;+06:11:52.3;Peg;;;;;3.52;;;;;;;;;;;;;;;;;;HR 8450,tet Peg,HIP 109427,HD 210418;Biham;;;
Bosona;Star;21:43:24.90;-07:24:29.7;Aqr;;;;;8.34;;;;;;;;;;;;;;;;;;HD 206610,HIP 107251,HD 206610;Bosona;;;
Botein;Star;03:11:37.77;+19:43:36.0;Ari;;;;;4.35;;;;;;;;;;;;;;;;;;HR 951,del Ari,HIP 14838,HD 19787;Botein;;;
Brachium;Star;15:04:04.22;-25:16:55.1;Lib;;;;;3.25;;;;;;;;;;;;;;;;;;HR 5603,sig Lib,HIP 73714,HD 133216;Brachium;;;
Bubup;Star;05:37:02.02;-73:41:57.6;Men;;;;;6.69;;;;;;;;;;;;;;;;;;HD 38283,HIP 26380,HD 38283;Bubup;;;
Buna;Star;02:37:01.91;+42:03:45.5;And;;;;;7.28;;;;;;;;;;;;;;;;;;HD 16175,HIP 12191,HD 16175;Buna;;;
Bunda;Star;21:37:45.11;-07:51:15.1;Aqr;;;;;4.80;;;;;;;;;;;;;;;;;;HR 8264,ksi Aqr,HIP 106786,HD 205767;Bunda;;;
Canopus;Star;06:23:57.11;-52:41:44.4;Car;;;;;-0.62;;;;;;;;;;;;;;;;;;HR 2326,alf Car,HIP 30438,HD 45348;Canopus;;;
Capella;Star;05:16:41.36;+45:59:52.8;Aur;;;;;0.08;;;;;;;;;;;;;;;;;;HR 1708,alf Aur,HIP 24608,HD 34029;Capella;;;
Caph;Star;00:09:10.69;+59:08:59.2;Cas;;;;;2.28;;;;;;;;;;;;;;;;;;HR 21,bet Cas,HIP 746,HD 432;Caph;;;
Castor;Star;07:34:35.86;+31:53:17.8;Gem;;;;;1.98;;;;;;;;;;;;;;;;;;HR 2891,alf Gem,HIP 36850,HD 60179;Castor;;;
Castula;Star;00:56:39.91;+59:10:51.8;Cas;;;;;4.62;;;;;;;;;;;;;;;;;;HR 265,ups02 Cas,HIP 4422,HD 5395;Castula;;;
Cebalrai;Star;17:43:28.35;+04:34:02.3;Oph;;;;;2.76;;;;;;;;;;;;;;;;;;HR 6603,bet Oph,HIP 86742,HD 161096;Cebalrai;;;
Ceibo;Star;07:39:21.85;-78:16:44.3;Cha;;;;;9.37;;;;;;;;;;;;;;;;;;HD 63454,HIP 37284,HD 63454;Ceibo;;;
Celaeno;Star;03:44:48.21;+24:17:22.1;Tau;;;;;5.45;;;;;;;;;;;;;;;;;;HR 1140,16 Tau,HIP 17489,HD 23288;Celaeno;;;
Cervantes;Star;17:44:08.70;-51:50:02.6;Ara;;;;;5.15;;;;;;;;;;;;;;;;;;HR 6585,mu Ara,HIP 86796,HD 160691;Cervantes;;;
Chalawan;Star;10:59:27.97;+40:25:48.9;UMa;;;;;5.03;;;;;;;;;;;;;;;;;;HR 4277,47 UMa,HIP 53721,HD 95128;Chalawan;;;
Chamukuy;Star;04:28:39.74;+15:52:15.2;Tau;;;;;3.73;;;;;;;;;;;;;;;;;;HR 1412,tet02 Tau,HIP 20894,HD 28319;Chamukuy;;;
Chaophraya;Star;02:54:45.13;-10:53:53.0;Eri;;;;;11.55;;;;;;;;;;;;;;;;;;WASP-50;Chaophraya;;;
Chara;Star;12:33:44.54;+41:21:26.9;CVn;;;;;4.24;;;;;;;;;;;;;;;;;;HR 4785,bet CVn,HIP 61317,HD 109358;Chara;;;
Chason;Star;18:17:37.31;+36:37:17.2;Lyr;;;;;11.82;;;;;;;;;;;;;;;;;;HAT-P-5;Chason,Chasoň;;;
Chechia;Star;20:16:06.00;+04:34:50.9;Aql;;;;;6.44;;;;;;;;;;;;;;;;;;HD 192699,HIP 99894,HD 192699;Chechia;;;
Chertan;Star;11:14:14.40;+15:25:46.5;Leo;;;;;3.33;;;;;;;;;;;;;;;;;;HR 4359,tet Leo,HIP 54879,HD 97633;Chertan;;;
Citadelle;Star;00:19:17.07;+14:03:17.1;Psc;;;;;8.36;;;;;;;;;;;;;;;;;;HD 1502,HIP 1547,HD 1502;Citadelle;;;
Citala;Star;07:00:18.04;-05:22:01.8;Mon;;;;;6.29;;;;;;;;;;;;;;;;;;HD 52265,HIP 33719,HD 52265;Citala,Citalá;;;
Cocibolca;Star;00:44:26.65;-26:30:56.5;Scl;;;;;7.78;;;;;;;;;;;;;;;;;;HD 4208,HIP 3479,HD 4208;Cocibolca;;;
Copernicus;Star;08:52:35.81;+28:19:51.0;Cnc;;;;;5.95;;;;;;;;;;;;;;;;;;HR 3522,55 Cnc,HIP 43587,HD 75732;Copernicus;;;
Cor Caroli;Star;12:56:01.67;+38:19:06.2;CVn;;;;;2.89;;;;;;;;;;;;;;;;;;HR 4915,alf02 CVn,HIP 63125,HD 112413;Cor Caroli;;;
Cujam;Star;16:25:24.95;+14:01:59.8;Her;;;;;4.57;;;;;;;;;;;;;;;;;;HR 6117,ome Her,HIP 80463,HD 148112;Cujam;;;
Cursa;Star;05:07:50.99;-05:05:11.2;Eri;;;;;2.78;;;;;;;;;;;;;;;;;;HR 1666,bet Eri,HIP 23875,HD 33111;Cursa;;;
Dabih;Star;20:21:00.67;-14:46:53.1;Cap;;;;;3.05;;;;;;;;;;;;;;;;;;HR 7776,bet01 Cap,HIP 100345,HD 193495;Dabih;;;
Dalim;Star;03:12:04.53;-28:59:15.4;For;;;;;3.86;;;;;;;;;;;;;;;;;;HR 963,alf For,HIP 14879,HD 20010;Dalim;;;
Deneb;Star;20:41:25.92;+45:16:49.2;Cyg;;;;;1.25;;;;;;;;;;;;;;;;;;HR 7924,alf Cyg,HIP 102098,HD 197345;Deneb;;;
Deneb Algedi;Star;21:47:02.44;-16:07:38.2;Cap;;;;;2.85;;;;;;;;;;;;;;;;;;HR 8322,del Cap,HIP 107556,HD 207098;Deneb Algedi;;;
Denebola;Star;11:49:03.58;+14:34:19.4;Leo;;;;;2.14;;;;;;;;;;;;;;;;;;HR 4534,bet Leo,HIP 57632,HD 102647;Denebola;;;
Diadem;Star;13:09:59.29;+17:31:46.0;Com;;;;;4.85;;;;;;;;;;;;;;;;;;HR 4968,alf Com,HIP 64241,HD 114378;Diadem;;;
Dingolay;Star;11:04:44.45;-02:30:47.6;Leo;;;;;8.21;;;;;;;;;;;;;;;;;;HD 96063,HIP 54158,HD 96063;Dingolay;;;
Diphda;Star;00:43:35.37;-17:59:11.8;Cet;;;;;2.04;;;;;;;;;;;;;;;;;;HR 188,bet Cet,HIP 3419,HD 4128;Diphda;;;
Diwo;Star;15:59:50.95;-28:03:42.3;Sco;;;;;11.38;;;;;;;;;;;;;;;;;;WASP-17;Diwo,Dìwö;;;
Diya;Star;02:44:09.61;-30:10:08.6;For;;;;;10.84;;;;;;;;;;;;;;;;;;WASP-72;Diya;;;
Dofida;Star;13:32:25.56;-47:16:16.9;Cen;;;;;7.17;;;;;;;;;;;;;;;;;;HD 117618,HIP 66047,HD 117618;Dofida;;;
Dombay;Star;13:44:22.59;+48:01:43.2;UMa;;;;;11.28;;;;;;;;;;;;;;;;;;HAT-P-3;Dombay;;;
Dschubba;Star;16:00:20.01;-22:37:18.2;Sco;;;;;2.29;;;;;;;;;;;;;;;;;;HR 5953,del Sco,HIP 78401,HD 143275;Dschubba;;;
Dubhe;Star;11:03:43.67;+61:45:03.7;UMa;;;;;1.81;;;;;;;;;;;;;;;;;;HR 4301,alf UMa,HIP 54061,HD 95689;Dubhe;;;
Dziban;Star;17:41:56.36;+72:08:55.8;Dra;;;;;4.57;;;;;;;;;;;;;;;;;;HR 6636,psi01 Dra,HIP 86614,HD 162003;Dziban;;;
Ebla;Star;23:09:10.73;-02:15:38.7;Psc;;;;;8.59;;;;;;;;;;;;;;;;;;HD 218566,HIP 114322,HD 218566;Ebla;;;
Edasich;Star;15:24:55.78;+58:57:57.8;Dra;;;;;3.29;;;;;;;;;;;;;;;;;;HR 5744,iot Dra,HIP 75458,HD 137759;Edasich;;;
Electra;Star;03:44:52.54;+24:06:48.0;Tau;;;;;3.72;;;;;;;;;;;;;;;;;;HR 1142,17 Tau,HIP 17499,HD 23302;Electra;;;
Elgafar;Star;14:28:12.14;-02:13:40.6;Vir;;;;;4.84;;;;;;;;;;;;;;;;;;HR 5409,phi Vir,HIP 70755,HD 126868;Elgafar;;;
Elkurud;Star;06:07:31.63;-37:15:10.5;Col;;;;;5.00;;;;;;;;;;;;;;;;;;HR 2177,tet Col,HIP 29034,HD 42167;Elkurud;;;
Elnath;Star;05:26:17.51;+28:36:26.8;Tau;;;;;1.65;;;;;;;;;;;;;;;;;;HR 1791,bet Tau,HIP 25428,HD 35497;Elnath;;;
Eltanin;Star;17:56:36.37;+51:29:20.0;Dra;;;;;2.24;;;;;;;;;;;;;;;;;;HR 6705,gam Dra,HIP 87833,HD 164058;Eltanin;;;
Emiw;Star;01:10:47.22;-66:11:17.4;Tuc;;;;;8.06;;;;;;;;;;;;;;;;;;HD 7199,HIP 5529,HD 7199;Emiw;;;
Enif;Star;21:44:11.16;+09:52:30.0;Peg;;;;;2.38;;;;;;;;;;;;;;;;;;HR 8308,eps Peg,HIP 107315,HD 206778;Enif;;;
Errai;Star;23:39:20.80;+77:37:56.3;Cep;;;;;3.21;;;;;;;;;;;;;;;;;;HR 8974,gam Cep,HIP 116727,HD 222404;Errai;;;
Fafnir;Star;18:25:59.14;+65:33:48.5;Dra;;;;;4.82;;;;;;;;;;;;;;;;;;HR 6945,42 Dra,HIP 90344,HD 170693;Fafnir;;;
Fang;Star;15:58:51.11;-26:06:50.8;Sco;;;;;2.89;;;;;;;;;;;;;;;;;;HR 5944,pi Sco,HIP 78265,HD 143018;Fang;;;
Fawaris;Star;19:44:58.48;+45:07:50.9;Cyg;;;;;2.90;;;;;;;;;;;;;;;;;;HR 7528,del Cyg,HIP 97165,HD 186882;Fawaris;;;
Felis;Star;09:54:52.21;-19:00:33.6;Hya;;;;;4.94;;;;;;;;;;;;;;;;;;HR 3923,HIP 48615,HD 85951;Felis;;;
Felixvarela;Star;00:28:34.31;-16:13:34.8;Cet;;;;;9.62;;;;;;;;;;;;;;;;;;BD-17 63,HIP 2247;Felixvarela;;;
Flegetonte;Star;11:45:42.29;+02:49:17.3;Vir;;;;;8.07;;;;;;;;;;;;;;;;;;HD 102195,HIP 57370,HD 102195;Flegetonte;;;
Fomalhaut;Star;22:57:39.05;-29:37:20.1;PsA;;;;;1.17;;;;;;;;;;;;;;;;;;HR 8728,alf PsA,HIP 113368,HD 216956;Fomalhaut;;;
Formosa;Star;11:35:03.75;+20:26:29.6;Leo;;;;;6.45;;;;;;;;;;;;;;;;;;HD 100655,HIP 56508,HD 100655;Formosa;;;
Franz;Star;17:20:27.88;+38:14:31.9;Her;;;;;9.86;;;;;;;;;;;;;;;;;;HAT-P-14;Franz;;;
Fulu;Star;00:36:58.28;+53:53:48.9;Cas;;;;;3.69;;;;;;;;;;;;;;;;;;HR 153,zet Cas,HIP 2920,HD 3360;Fulu;;;
Fumalsamakah;Star;23:03:52.61;+03:49:12.2;Psc;;;;;4.48;;;;;;;;;;;;;;;;;;HR 8773,bet Psc,HIP 113889,HD 217891;Fumalsamakah;;;
Funi;Star;12:32:07.19;+74:29:22.4;Dra;;;;;8.75;;;;;;;;;;;;;;;;;;HD 109246,HIP 61177,HD 109246;Funi;;;
Furud;Star;06:20:18.79;-30:03:48.1;CMa;;;;;3.02;;;;;;;;;;;;;;;;;;HR 2282,zet CMa,HIP 30122,HD 44402;Furud;;;
Fuyue;Star;17:49:51.48;-37:02:35.9;Sco;;;;;3.19;;;;;;;;;;;;;;;;;;HR 6630,HIP 87261,HD 161892;Fuyue;;;
Gacrux;Star;12:31:09.96;-57:06:47.6;Cru;;;;;1.59;;;;;;;;;;;;;;;;;;HR 4763,gam Cru,HIP 61084,HD 108903;Gacrux;;;
Gakyid;Star;08:39:15.80;+12:57:37.4;Cnc;;;;;8.23;;;;;;;;;;;;;;;;;;HD 73534,HIP 42446,HD 73534;Gakyid;;;
Geminga;Star;06:33:54.15;+17:46:12.9;Gem;;;;;;;;;;;;;;;;;;;;;;;PSR B0633+17;Geminga;;;
Giausar;Star;11:31:24.22;+69:19:51.9;Dra;;;;;3.82;;;;;;;;;;;;;;;;;;HR 4434,lam Dra,HIP 56211,HD 100029;Giausar;;;
Gienah;Star;12:15:48.37;-17:32:30.9;Crv;;;;;2.58;;;;;;;;;;;;;;;;;;HR 4662,gam Crv,HIP 59803,HD 106625;Gienah;;;
Ginan;Star;12:21:21.61;-60:24:04.1;Cru;;;;;3.59;;;;;;;;;;;;;;;;;;HR 4700,eps Cru,HIP 60260,HD 107446;Ginan;;;
Gloas;Star;09:20:24.71;+33:52:56.7;Lyn;;;;;10.38;;;;;;;;;;;;;;;;;;WASP-13;Gloas;;;
Gomeisa;Star;07:27:09.04;+08:17:21.5;CMi;;;;;2.89;;;;;;;;;;;;;;;;;;HR 2845,bet CMi,HIP 36188,HD 58715;Gomeisa;;;
Grumium;Star;17:53:31.73;+56:52:21.5;Dra;;;;;3.73;;;;;;;;;;;;;;;;;;HR 6688,ksi Dra,HIP 87585,HD 163588;Grumium;;;
Gudja;Star;15:48:44.38;+18:08:29.6;Ser;;;;;4.09;;;;;;;;;;;;;;;;;;HR 5879,kap Ser,HIP 77450,HD 141477;Gudja;;;
Gumala;Star;19:15:33.23;-24:10:45.7;Sgr;;;;;6.25;;;;;;;;;;;;;;;;;;HD 179949,V5652 Sgr,HIP 94645,HD 179949;Gumala;;;
Guniibuu;Star;17:15:21.09;-26:35:56.0;Oph;;;;;5.07;;;;;;;;;;;;;;;;;;HR 6402,36 Oph,HIP 84405,HD 155886;Guniibuu;;;
Hadar;Star;14:03:49.41;-60:22:22.9;Cen;;;;;0.61;;;;;;;;;;;;;;;;;;HR 5267,bet Cen,HIP 68702,HD 122451;Hadar;;;
Haedus;Star;05:06:30.89;+41:14:04.1;Aur;;;;;3.18;;;;;;;;;;;;;;;;;;HR 1641,eta Aur,HIP 23767,HD 32630;Haedus;;;
Hamal;Star;02:07:10.41;+23:27:44.7;Ari;;;;;2.01;;;;;;;;;;;;;;;;;;HR 617,alf Ari,HIP 9884,HD 12929;Hamal;;;
Hassaleh;Star;04:56:59.62;+33:09:58.0;Aur;;;;;2.69;;;;;;;;;;;;;;;;;;HR 1577,iot Aur,HIP 23015,HD 31398;Hassaleh;;;
Hatysa;Star;05:35:25.98;-05:54:35.6;Ori;;;;;2.80;;;;;;;;;;;;;;;;;;HR 1899,iot Ori,HIP 26241,HD 37043;Hatysa;;;
Helvetios;Star;22:57:27.98;+20:46:07.8;Peg;;;;;5.49;;;;;;;;;;;;;;;;;;HR 8729,51 Peg,HIP 113357,HD 217014;Helvetios;;;
Heze;Star;13:34:41.59;-00:35:45.0;Vir;;;;;3.38;;;;;;;;;;;;;;;;;;HR 5107,zet Vir,HIP 66249,HD 118098;Heze;;;
Hoggar;Star;04:31:25.45;+04:34:31.1;Tau;;;;;8.38;;;;;;;;;;;;;;;;;;HD 28678,HIP 21109,HD 28678;Hoggar;;;
Homam;Star;22:41:27.72;+10:49:52.9;Peg;;;;;3.41;;;;;;;;;;;;;;;;;;HR 8634,zet Peg,HIP 112029,HD 214923;Homam;;;
Horna;Star;02:21:31.98;+32:14:46.1;Tri;;;;;12.30;;;;;;;;;;;;;;;;;;HAT-P-38;Horna;;;
Hunahpu;Star;11:17:47.55;-23:58:31.5;Crt;;;;;8.05;;;;;;;;;;;;;;;;;;HD 98219,HIP 55174,HD 98219;Hunahpu,Hunahpú;;;
Hunor;Star;16:20:36.36;+41:02:53.1;Her;;;;;8.72;;;;;;;;;;;;;;;;;;HAT-P-2,HIP 80076,HD 147506;Hunor;;;
Iklil;Star;15:56:53.08;-29:12:50.7;Sco;;;;;3.87;;;;;;;;;;;;;;;;;;HR 5928,rho Sco,HIP 78104,HD 142669;Iklil;;;
Illyrian;Star;09:35:45.18;+34:46:50.7;LMi;;;;;7.62;;;;;;;;;;;;;;;;;;HD 82886,HIP 47087,HD 82886;Illyrian;;;
Imai;Star;12:15:08.72;-58:44:56.1;Cru;;;;;2.75;;;;;;;;;;;;;;;;;;HR 4656,del Cru,HIP 59747,HD 106490;Imai;;;
Inquill;Star;17:19:51.40;-48:32:57.6;Ara;;;;;6.67;;;;;;;;;;;;;;;;;;HD 156411,HIP 84787,HD 156411;Inquill;;;
Intan;Star;03:20:42.69;-33:43:48.4;For;;;;;9.92;;;;;;;;;;;;;;;;;;HD 20868,HIP 15578,HD 20868;Intan;;;
Intercrus;Star;09:28:39.99;+45:36:05.3;UMa;;;;;5.41;;;;;;;;;;;;;;;;;;HR 3743,HIP 46471,HD 81688;Intercrus;;;
Irena;Star;16:15:50.37;+10:01:57.3;Her;;;;;9.41;;;;;;;;;;;;;;;;;;WASP-38;Irena;;;
Itonda;Star;21:57:19.85;-37:45:49.0;Gru;;;;;7.47;;;;;;;;;;;;;;;;;;HD 208487,HIP 108375,HD 208487;Itonda;;;
Izar;Star;14:44:59.22;+27:04:27.1;Boo;;;;;2.35;;;;;;;;;;;;;;;;;;HR 5506,eps Boo,HIP 72105,HD 129988;Izar;;;
Jabbah;Star;16:11:59.73;-19:27:38.5;Sco;;;;;4.50;;;;;;;;;;;;;;;;;;HR 6027,nu Sco,HIP 79374,HD 145502;Jabbah;;;
Jishui;Star;07:39:09.93;+34:35:03.6;Gem;;;;;4.89;;;;;;;;;;;;;;;;;;HR 2930,omi Gem,HIP 37265,HD 61110;Jishui;;;
Kaffaljidhma;Star;02:43:18.04;+03:14:08.9;Cet;;;;;3.56;;;;;;;;;;;;;;;;;;HR 804,gam Cet,HIP 12706,HD 16970;Kaffaljidhma;;;
Kalausi;Star;09:37:11.83;-43:16:19.9;Vel;;;;;8.23;;;;;;;;;;;;;;;;;;HD 83443,HIP 47202,HD 83443;Kalausi;;;
Kamuy;Star;16:10:03.91;+26:44:33.9;CrB;;;;;6.57;;;;;;;;;;;;;;;;;;HD 145457,HIP 79219,HD 145457;Kamuy;;;
Kang;Star;14:12:53.75;-10:16:25.3;Vir;;;;;4.18;;;;;;;;;;;;;;;;;;HR 5315,kap Vir,HIP 69427,HD 124294;Kang;;;
Karaka;Star;15:35:39.92;-80:12:16.5;Aps;;;;;8.71;;;;;;;;;;;;;;;;;;HD 137388,HIP 76351,HD 137388;Karaka;;;
Kaus Australis;Star;18:24:10.32;-34:23:04.6;Sgr;;;;;1.79;;;;;;;;;;;;;;;;;;HR 6879,eps Sgr,HIP 90185,HD 169022;Kaus Australis;;;
Kaus Borealis;Star;18:27:58.24;-25:25:18.1;Sgr;;;;;2.82;;;;;;;;;;;;;;;;;;HR 6913,lam Sgr,HIP 90496,HD 169916;Kaus Borealis;;;
Kaus Media;Star;18:20:59.64;-29:49:41.2;Sgr;;;;;2.72;;;;;;;;;;;;;;;;;;HR 6859,del Sgr,HIP 89931,HD 168454;Kaus Media;;;
Kaveh;Star;18:55:40.88;+04:15:55.2;Ser;;;;;8.02;;;;;;;;;;;;;;;;;;HD 175541,HIP 92895,HD 175541;Kaveh;;;
Keid;Star;04:15:16.32;-07:39:10.3;Eri;;;;;4.43;;;;;;;;;;;;;;;;;;HR 1325,omi02 Eri,HIP 19849,HD 26965;Keid;;;
Khambalia;Star;14:19:06.59;-13:22:15.9;Vir;;;;;4.52;;;;;;;;;;;;;;;;;;HR 5359,lam Vir,HIP 69974,HD 125337;Khambalia;;;
Kitalpha;Star;21:15:49.43;+05:14:52.3;Equ;;;;;3.92;;;;;;;;;;;;;;;;;;HR 8131,alf Equ,HIP 104987,HD 202447;Kitalpha;;;
Kochab;Star;14:50:42.33;+74:09:19.8;UMi;;;;;2.07;;;;;;;;;;;;;;;;;;HR 5563,bet UMi,HIP 72607,HD 131873;Kochab;;;
Koeia;Star;02:46:42.89;-23:05:11.8;Eri;;;;;10.25;;;;;;;;;;;;;;;;;;HIP 12961,HIP 12961;Koeia;;;
Koit;Star;07:21:33.16;+58:16:05.1;Lyn;;;;;10.78;;;;;;;;;;;;;;;;;;XO-4;Koit;;;
Kornephoros;Star;16:30:13.20;+21:29:22.6;Her;;;;;2.78;;;;;;;;;;;;;;;;;;HR 6148,bet Her,HIP 80816,HD 148856;Kornephoros;;;
Kraz;Star;12:34:23.23;-23:23:48.3;Crv;;;;;2.65;;;;;;;;;;;;;;;;;;HR 4786,bet Crv,HIP 61359,HD 109379;Kraz;;;
Kurhah;Star;22:03:47.45;+64:37:40.7;Cep;;;;;4.26;;;;;;;;;;;;;;;;;;HR 8417,ksi Cep,HIP 108917,HD 209790;Kurhah;;;
La Superba;Star;12:45:07.83;+45:26:24.9;CVn;;;;;5.42;;;;;;;;;;;;;;;;;;HR 4846,Y CVn,HIP 62223,HD 110914;La Superba;;;
Larawag;Star;16:50:09.81;-34:17:35.6;Sco;;;;;2.29;;;;;;;;;;;;;;;;;;HR 6241,eps Sco,HIP 82396,HD 151680;Larawag;;;
Lerna;Star;09:01:22.65;+06:05:50.0;Hya;;;;;12.00;;;;;;;;;;;;;;;;;;HAT-P-42;Lerna;;;
Lesath;Star;17:30:45.83;-37:17:44.9;Sco;;;;;2.70;;;;;;;;;;;;;;;;;;HR 6508,ups Sco,HIP 85696,HD 158408;Lesath;;;
Libertas;Star;19:54:14.88;+08:27:41.2;Aql;;;;;4.71;;;;;;;;;;;;;;;;;;HR 7595,ksi Aql,HIP 97938,HD 188310;Libertas;;;
Lich;Star;13:00:03.05;+12:40:56.7;Vir;;;;;;;;;;;;;;;;;;;;;;;PSR B1257+12;Lich;;;
Liesma;Star;13:34:02.54;+53:43:42.7;UMa;;;;;8.05;;;;;;;;;;;;;;;;;;HD 118203,HIP 66192,HD 118203;Liesma;;;
Lilii Borea;Star;02:47:54.54;+29:14:49.6;Ari;;;;;4.52;;;;;;;;;;;;;;;;;;HR 824,39 Ari,HIP 13061,HD 17361;Lilii Borea;;;
Lionrock;Star;22:27:03.07;-17:15:49.2;Aqr;;;;;7.60;;;;;;;;;;;;;;;;;;HD 212771,HIP 110813,HD 212771;Lionrock;;;
Lucilinburhuc;Star;06:28:45.71;+38:57:46.7;Aur;;;;;7.89;;;;;;;;;;;;;;;;;;HD 45350,HIP 30860,HD 45350;Lucilinburhuc;;;
Lusitania;Star;06:29:13.19;+10:56:02.0;Mon;;;;;8.10;;;;;;;;;;;;;;;;;;HD 45652,HIP 30905,HD 45652;Lusitania,Lusitânia;;;
Maasym;Star;17:30:44.31;+26:06:38.3;Her;;;;;4.41;;;;;;;;;;;;;;;;;;HR 6526,lam Her,HIP 85693,HD 158899;Maasym;;;
Macondo;Star;10:44:20.92;-33:34:37.3;Ant;;;;;8.30;;;;;;;;;;;;;;;;;;HD 93083,HIP 52521,HD 93083;Macondo;;;
Mago;Star;05:09:36.72;+69:38:21.9;Cam;;;;;6.43;;;;;;;;;;;;;;;;;;HD 32518,HIP 24003,HD 32518;Mago;;;
Mahasim;Star;05:59:43.27;+37:12:45.3;Aur;;;;;2.65;;;;;;;;;;;;;;;;;;HR 2095,tet Aur,HIP 28380,HD 40312;Mahasim;;;
Mahsati;Star;16:53:43.58;+11:58:25.5;Oph;;;;;8.38;;;;;;;;;;;;;;;;;;HD 152581,HIP 82651,HD 152581;Mahsati;;;
Maia;Star;03:45:49.61;+24:22:03.9;Tau;;;;;3.87;;;;;;;;;;;;;;;;;;HR 1149,20 Tau,HIP 17573,HD 23408;Maia;;;
Malmok;Star;14:29:18.42;-03:26:40.2;Vir;;;;;11.89;;;;;;;;;;;;;;;;;;WASP-39,V732 Vir;Malmok;;;
Marfik;Star;16:30:54.83;+01:59:02.0;Oph;;;;;3.82;;;;;;;;;;;;;;;;;;HR 6149,lam Oph,HIP 80883,HD 148857;Marfik;;;
Markab;Star;23:04:45.65;+15:12:19.0;Peg;;;;;2.49;;;;;;;;;;;;;;;;;;HR 8781,alf Peg,HIP 113963,HD 218045;Markab;;;
Markeb;Star;09:22:06.82;-55:00:38.4;Vel;;;;;2.47;;;;;;;;;;;;;;;;;;HR 3734,kap Vel,HIP 45941,HD 81188;Markeb;;;
Marohu;Star;23:12:37.74;-22:40:26.3;Aqr;;;;;11.98;;;;;;;;;;;;;;;;;;WASP-6;Marohu,Márohu;;;
Marsic;Star;16:08:04.53;+17:02:49.1;Her;;;;;5.00;;;;;;;;;;;;;;;;;;HR 6008,kap Her,HIP 79043,HD 145001;Marsic;;;
Matar;Star;22:43:00.14;+30:13:16.5;Peg;;;;;2.93;;;;;;;;;;;;;;;;;;HR 8650,eta Peg,HIP 112158,HD 215182;Matar;;;
Mazaalai;Star;11:25:05.99;+41:01:40.7;UMa;;;;;11.56;;;;;;;;;;;;;;;;;;HAT-P-21;Mazaalai;;;
Mebsuta;Star;06:43:55.93;+25:07:52.1;Gem;;;;;3.06;;;;;;;;;;;;;;;;;;HR 2473,eps Gem,HIP 32246,HD 48329;Mebsuta;;;
Megrez;Star;12:15:25.56;+57:01:57.4;UMa;;;;;3.32;;;;;;;;;;;;;;;;;;HR 4660,del UMa,HIP 59774,HD 106591;Megrez;;;
Meissa;Star;05:35:08.28;+09:56:03.0;Ori;;;;;3.39;;;;;;;;;;;;;;;;;;HR 1879,lam Ori,HIP 26207,HD 36861;Meissa;;;
Mekbuda;Star;07:04:06.53;+20:34:13.1;Gem;;;;;4.01;;;;;;;;;;;;;;;;;;HR 2650,zet Gem,HIP 34088,HD 52973;Mekbuda;;;
Meleph;Star;08:40:27.01;+19:32:41.3;Cnc;;;;;6.29;;;;;;;;;;;;;;;;;;HR 3429,eps Cnc,HIP 42556,HD 73731;Meleph;;;
Menkalinan;Star;05:59:31.72;+44:56:50.8;Aur;;;;;1.90;;;;;;;;;;;;;;;;;;HR 2088,bet Aur,HIP 28360,HD 40183;Menkalinan;;;
Menkar;Star;03:02:16.77;+04:05:23.1;Cet;;;;;2.54;;;;;;;;;;;;;;;;;;HR 911,alf Cet,HIP 14135,HD 18884;Menkar;;;
Menkent;Star;14:06:40.95;-36:22:11.8;Cen;;;;;2.06;;;;;;;;;;;;;;;;;;HR 5288,tet Cen,HIP 68933,HD 123139;Menkent;;;
Menkib;Star;03:58:57.90;+35:47:27.7;Per;;;;;3.98;;;;;;;;;;;;;;;;;;HR 1228,ksi Per,HIP 18614,HD 24912;Menkib;;;
Merak;Star;11:01:50.48;+56:22:56.7;UMa;;;;;2.34;;;;;;;;;;;;;;;;;;HR 4295,bet UMa,HIP 53910,HD 95418;Merak;;;
Merga;Star;14:49:18.67;+46:06:58.3;Boo;;;;;5.76;;;;;;;;;;;;;;;;;;HR 5533,38 Boo,HIP 72487,HD 130945;Merga;;;
Meridiana;Star;19:09:28.34;-37:54:16.1;CrA;;;;;4.11;;;;;;;;;;;;;;;;;;HR 7254,alf CrA,HIP 94114,HD 178253;Meridiana;;;
Merope;Star;03:46:19.57;+23:56:54.1;Tau;;;;;4.14;;;;;;;;;;;;;;;;;;HR 1156,23 Tau,HIP 17608,HD 23480;Merope;;;
Mesarthim;Star;01:53:31.81;+19:17:37.9;Ari;;;;;4.75;;;;;;;;;;;;;;;;;;HR 546,gam02 Ari,HIP 8832,HD 11502;Mesarthim;;;
Miaplacidus;Star;09:13:11.98;-69:43:01.9;Car;;;;;1.67;;;;;;;;;;;;;;;;;;HR 3685,bet Car,HIP 45238,HD 80007;Miaplacidus;;;
Mimosa;Star;12:47:43.26;-59:41:19.6;Cru;;;;;1.25;;;;;;;;;;;;;;;;;;HR 4853,bet Cru,HIP 62434,HD 111123;Mimosa;;;
Minchir;Star;08:38:45.44;+03:20:29.2;Hya;;;;;4.45;;;;;;;;;;;;;;;;;;HR 3418,sig Hya,HIP 42402,HD 73471;Minchir;;;
Minelauva;Star;12:55:36.21;+03:23:50.9;Vir;;;;;3.39;;;;;;;;;;;;;;;;;;HR 4910,del Vir,HIP 63090,HD 112300;Minelauva;;;
Mintaka;Star;05:32:00.40;-00:17:56.7;Ori;;;;;2.25;;;;;;;;;;;;;;;;;;HR 1852,del Ori,HIP 25930,HD 36486;Mintaka;;;
Mira;Star;02:19:20.79;-02:58:39.5;Cet;;;;;6.47;;;;;;;;;;;;;;;;;;HR 681,omi Cet,HIP 10826,HD 14386;Mira;;;
Mirach;Star;01:09:43.92;+35:37:14.0;And;;;;;2.07;;;;;;;;;;;;;;;;;;HR 337,bet And,HIP 5447,HD 6860;Mirach;;;
Miram;Star;02:50:41.81;+55:53:43.8;Per;;;;;3.77;;;;;;;;;;;;;;;;;;HR 834,eta Per,HIP 13268,HD 17506;Miram;;;
Mirfak;Star;03:24:19.37;+49:51:40.2;Per;;;;;1.79;;;;;;;;;;;;;;;;;;HR 1017,alf Per,HIP 15863,HD 20902;Mirfak;;;
Mirzam;Star;06:22:41.99;-17:57:21.3;CMa;;;;;1.98;;;;;;;;;;;;;;;;;;HR 2294,bet CMa,HIP 30324,HD 44743;Mirzam;;;
Misam;Star;03:09:29.77;+44:51:27.1;Per;;;;;3.79;;;;;;;;;;;;;;;;;;HR 941,kap Per,HIP 14668,HD 19476;Misam;;;
Mizar;Star;13:23:55.54;+54:55:31.3;UMa;;;;;2.23;;;;;;;;;;;;;;;;;;HR 5054,zet UMa,HIP 65378,HD 116656;Mizar;;;
Moldoveanu;Star;16:02:11.85;+28:10:10.4;CrB;;;;;11.28;;;;;;;;;;;;;;;;;;XO-1;Moldoveanu;;;
Monch;Star;14:47:32.73;-00:16:53.3;Vir;;;;;8.04;;;;;;;;;;;;;;;;;;HD 130322,HIP 72339,HD 130322;Monch,Mönch;;;
Montuno;Star;04:25:29.02;-30:36:01.6;Eri;;;;;10.06;;;;;;;;;;;;;;;;;;WASP-79;Montuno;;;
Morava;Star;23:46:39.97;+31:09:21.4;Peg;;;;;12.18;;;;;;;;;;;;;;;;;;WASP-60;Morava;;;
Moriah;Star;20:24:29.72;+16:45:43.8;Del;;;;;12.17;;;;;;;;;;;;;;;;;;HAT-P-23;Moriah;;;
Mothallah;Star;01:53:04.91;+29:34:43.8;Tri;;;;;3.42;;;;;;;;;;;;;;;;;;HR 544,alf Tri,HIP 8796,HD 11443;Mothallah;;;
Mouhoun;Star;04:50:17.86;-24:22:07.8;Eri;;;;;7.91;;;;;;;;;;;;;;;;;;HD 30856,HIP 22491,HD 30856;Mouhoun;;;
Mpingo;Star;01:57:03.20;+00:45:31.9;Cet;;;;;10.57;;;;;;;;;;;;;;;;;;WASP-71;Mpingo;;;
Muliphein;Star;07:03:45.49;-15:37:59.8;CMa;;;;;4.11;;;;;;;;;;;;;;;;;;HR 2657,gam CMa,HIP 34045,HD 53244;Muliphein;;;
Muphrid;Star;13:54:41.08;+18:23:51.8;Boo;;;;;2.68;;;;;;;;;;;;;;;;;;HR 5235,eta Boo,HIP 67927,HD 121370;Muphrid;;;
Muscida;Star;08:30:15.87;+60:43:05.4;UMa;;;;;3.35;;;;;;;;;;;;;;;;;;HR 3323,omi UMa,HIP 41704,HD 71369;Muscida;;;
Musica;Star;20:58:25.93;+10:50:21.4;Del;;;;;5.48;;;;;;;;;;;;;;;;;;HR 8030,18 Del,HIP 103527,HD 199665;Musica;;;
Muspelheim;Star;02:12:31.48;+51:46:43.6;Per;;;;;11.73;;;;;;;;;;;;;;;;;;HAT-P-29;Muspelheim;;;
Nahn;Star;09:09:21.53;+22:02:43.6;Cnc;;;;;5.70;;;;;;;;;;;;;;;;;;HR 3627,ksi Cnc,HIP 44946,HD 78515;Nahn;;;
Naledi;Star;05:48:33.59;-63:59:18.4;Dor;;;;;10.12;;;;;;;;;;;;;;;;;;WASP-62;Naledi;;;
Naos;Star;08:03:35.05;-40:00:11.3;Pup;;;;;2.21;;;;;;;;;;;;;;;;;;HR 3165,zet Pup,HIP 39429,HD 66811;Naos;;;
Nashira;Star;21:40:05.46;-16:39:44.3;Cap;;;;;3.69;;;;;;;;;;;;;;;;;;HR 8278,gam Cap,HIP 106985,HD 206088;Nashira;;;
Nasti;Star;08:18:22.17;+61:27:38.6;UMa;;;;;8.20;;;;;;;;;;;;;;;;;;HD 68988,HIP 40687,HD 68988;Nasti,Násti;;;
Natasha;Star;09:50:02.50;-49:47:25.0;Vel;;;;;8.54;;;;;;;;;;;;;;;;;;HD 85390,HIP 48235,HD 85390;Natasha;;;
Nekkar;Star;15:01:56.76;+40:23:26.0;Boo;;;;;3.49;;;;;;;;;;;;;;;;;;HR 5602,bet Boo,HIP 73555,HD 133208;Nekkar;;;
Nembus;Star;01:37:59.56;+48:37:41.6;And;;;;;3.59;;;;;;;;;;;;;;;;;;HR 464,51 And,HIP 7607,HD 9927;Nembus;;;
Nenque;Star;01:04:40.15;-39:29:17.6;Phe;;;;;7.72;;;;;;;;;;;;;;;;;;HD 6434,HIP 5054,HD 6434;Nenque;;;
Nervia;Star;06:51:30.52;+40:52:03.9;Aur;;;;;8.10;;;;;;;;;;;;;;;;;;HD 49674,HIP 32916,HD 49674;Nervia;;;
Nganurganity;Star;07:01:43.15;-27:56:05.4;CMa;;;;;3.49;;;;;;;;;;;;;;;;;;HR 2646,sig CMa,HIP 33856,HD 52877;Nganurganity;;;
Nihal;Star;05:28:14.72;-20:45:34.0;Lep;;;;;2.83;;;;;;;;;;;;;;;;;;HR 1829,bet Lep,HIP 25606,HD 36079;Nihal;;;
Nikawiy;Star;15:19:06.18;+41:43:59.5;Boo;;;;;7.88;;;;;;;;;;;;;;;;;;HD 136418,HIP 74961,HD 136418;Nikawiy;;;
Nosaxa;Star;06:40:01.73;-48:32:31.0;Pup;;;;;8.05;;;;;;;;;;;;;;;;;;HD 48265,HIP 31895,HD 48265;Nosaxa;;;
Nunki;Star;18:55:15.93;-26:17:48.2;Sgr;;;;;2.05;;;;;;;;;;;;;;;;;;HR 7121,sig Sgr,HIP 92855,HD 175191;Nunki;;;
Nusakan;Star;15:27:49.73;+29:06:20.5;CrB;;;;;3.90;;;;;;;;;;;;;;;;;;HR 5747,bet CrB,HIP 75695,HD 137909;Nusakan;;;
Nushagak;Star;02:49:44.49;+71:45:11.6;Cas;;;;;8.17;;;;;;;;;;;;;;;;;;HD 17156,HIP 13192,HD 17156;Nushagak;;;
Nyamien;Star;13:55:42.71;-32:09:34.6;Cen;;;;;10.80;;;;;;;;;;;;;;;;;;WASP-15;Nyamien;;;
Ogma;Star;16:30:29.62;+38:20:50.3;Her;;;;;8.16;;;;;;;;;;;;;;;;;;HD 149026,HIP 80838,HD 149026;Ogma;;;
Okab;Star;19:05:24.61;+13:51:48.5;Aql;;;;;2.99;;;;;;;;;;;;;;;;;;HR 7235,zet Aql,HIP 93747,HD 177724;Okab;;;
Paikauhale;Star;16:35:52.95;-28:12:57.7;Sco;;;;;2.82;;;;;;;;;;;;;;;;;;HR 6165,tau Sco,HIP 81266,HD 149438;Paikauhale;;;
Parumleo;Star;00:15:50.81;+01:12:01.6;Psc;;;;;11.41;;;;;;;;;;;;;;;;;;WASP-32;Parumleo;;;
Peacock;Star;20:25:38.86;-56:44:06.3;Pav;;;;;1.94;;;;;;;;;;;;;;;;;;HR 7790,alf Pav,HIP 100751,HD 193924;Peacock;;;
Petra;Star;20:12:40.17;-02:08:39.2;Aql;;;;;11.27;;;;;;;;;;;;;;;;;;WASP-80;Petra;;;
Phact;Star;05:39:38.94;-34:04:26.8;Col;;;;;2.65;;;;;;;;;;;;;;;;;;HR 1956,alf Col,HIP 26634,HD 37795;Phact;;;
Phecda;Star;11:53:49.84;+53:41:41.1;UMa;;;;;2.41;;;;;;;;;;;;;;;;;;HR 4554,gam UMa,HIP 58001,HD 103287;Phecda;;;
Pherkad;Star;15:20:43.72;+71:50:02.5;UMi;;;;;3.00;;;;;;;;;;;;;;;;;;HR 5735,gam UMi,HIP 75097,HD 137422;Pherkad;;;
Phoenicia;Star;20:13:59.85;-00:52:00.8;Aql;;;;;7.79;;;;;;;;;;;;;;;;;;HD 192263,V1703 Aql,HIP 99711,HD 192263;Phoenicia;;;
Piautos;Star;08:20:32.14;+24:01:20.3;Cnc;;;;;5.92;;;;;;;;;;;;;;;;;;HR 3268,lam Cnc,HIP 40881,HD 70011;Piautos;;;
Pincoya;Star;18:03:06.93;-28:33:38.4;Sgr;;;;;9.66;;;;;;;;;;;;;;;;;;HD 164604,HIP 88414,HD 164604;Pincoya;;;
Pipirima;Star;16:52:20.15;-38:01:03.1;Sco;;;;;3.56;;;;;;;;;;;;;;;;;;HR 6252,mu02 Sco,HIP 82545,HD 151985;Pipirima;;;
Pipoltr;Star;17:52:07.02;+37:32:46.2;Her;;;;;12.20;;;;;;;;;;;;;;;;;;TrES-3,V1434 Her;Pipoltr;;;
Pleione;Star;03:49:11.22;+24:08:12.2;Tau;;;;;5.05;;;;;;;;;;;;;;;;;;HR 1180,28 Tau,HIP 17851,HD 23862;Pleione;;;
Poerava;Star;23:31:20.34;-58:12:35.0;Tuc;;;;;7.82;;;;;;;;;;;;;;;;;;HD 221287,HIP 116084,HD 221287;Poerava;;;
Polaris;Star;02:31:49.09;+89:15:50.8;UMi;;;;;2.13;;;;;;;;;;;;;;;;;;HR 424,alf UMi,HIP 11767,HD 8890;Polaris;;;
Polaris Australis;Star;21:08:46.84;-88:57:23.4;Oct;;;;;5.45;;;;;;;;;;;;;;;;;;HR 7228,sig Oct,HIP 104382,HD 177482;Polaris Australis;;;
Polis;Star;18:13:45.81;-21:03:31.8;Sgr;;;;;3.84;;;;;;;;;;;;;;;;;;HR 6812,mu Sgr,HIP 89341,HD 166937;Polis;;;
Pollux;Star;07:45:18.95;+28:01:34.3;Gem;;;;;1.16;;;;;;;;;;;;;;;;;;HR 2990,bet Gem,HIP 37826,HD 62509;Pollux;;;
Porrima;Star;12:41:39.64;-01:26:57.7;Vir;;;;;3.44;;;;;;;;;;;;;;;;;;HR 4825,gam Vir,HIP 61941,HD 110379;Porrima;;;
Praecipua;Star;10:53:18.70;+34:12:53.5;LMi;;;;;3.79;;;;;;;;;;;;;;;;;;HR 4247,46 LMi,HIP 53229,HD 94264;Praecipua;;;
Prima Hyadum;Star;04:19:47.60;+15:37:39.5;Tau;;;;;3.65;;;;;;;;;;;;;;;;;;HR 1346,gam Tau,HIP 20205,HD 27371;Prima Hyadum;;;
Procyon;Star;07:39:18.12;+05:13:30.0;CMi;;;;;0.40;;;;;;;;;;;;;;;;;;HR 2943,alf CMi,HIP 37279,HD 61421;Procyon;;;
Propus;Star;06:14:52.66;+22:30:24.5;Gem;;;;;3.32;;;;;;;;;;;;;;;;;;HR 2216,eta Gem,HIP 29655,HD 42995;Propus;;;
Proxima Centauri;Star;14:29:42.95;-62:40:46.1;Cen;;;;;11.01;;;;;;;;;;;;;;;;;;GJ 551,alf Cen,HIP 70890,HD 999999;Proxima Centauri;;;
Ran;Star;03:32:55.84;-09:27:29.7;Eri;;;;;3.73;;;;;;;;;;;;;;;;;;HR 1084,eps Eri,HIP 16537,HD 22049;Ran;;;
Rana;Star;03:43:14.90;-09:45:48.2;Eri;;;;;3.53;;;;;;;;;;;;;;;;;;HR 1136,del Eri,HIP 17378,HD 23249;Rana;;;
Rapeto;Star;17:04:30.87;-43:18:35.2;Sco;;;;;7.39;;;;;;;;;;;;;;;;;;HD 153950,HIP 83547,HD 153950;Rapeto;;;
Rasalas;Star;09:52:45.82;+26:00:25.0;Leo;;;;;3.88;;;;;;;;;;;;;;;;;;HR 3905,mu Leo,HIP 48455,HD 85503;Rasalas;;;
Rasalgethi;Star;17:14:38.86;+14:23:25.2;Her;;;;;3.37;;;;;;;;;;;;;;;;;;HR 6406,alf01 Her,HIP 84345,HD 156014;Rasalgethi;;;
Rasalhague;Star;17:34:56.07;+12:33:36.1;Oph;;;;;2.08;;;;;;;;;;;;;;;;;;HR 6556,alf Oph,HIP 86032,HD 159561;Rasalhague;;;
Rastaban;Star;17:30:25.96;+52:18:05.0;Dra;;;;;2.79;;;;;;;;;;;;;;;;;;HR 6536,bet Dra,HIP 85670,HD 159181;Rastaban;;;
Regulus;Star;10:08:22.31;+11:58:02.0;Leo;;;;;1.36;;;;;;;;;;;;;;;;;;HR 3982,alf Leo,HIP 49669,HD 87901;Regulus;;;
Revati;Star;01:13:43.89;+07:34:31.3;Psc;;;;;5.21;;;;;;;;;;;;;;;;;;HR 361,zet Psc,HIP 5737,HD 7344;Revati;;;
Rigel;Star;05:14:32.27;-08:12:05.9;Ori;;;;;0.18;;;;;;;;;;;;;;;;;;HR 1713,bet Ori,HIP 24436,HD 34085;Rigel;;;
Rigil Kentaurus;Star;14:39:36.50;-60:50:02.3;Cen;;;;;-0.01;;;;;;;;;;;;;;;;;;HR 5459,alf Cen,HIP 71683,HD 128620;Rigil Kentaurus;;;
Rosaliadecastro;Star;16:32:51.05;+02:05:05.4;Oph;;;;;7.89;;;;;;;;;;;;;;;;;;HD 149143,HIP 81022,HD 149143;Rosaliadecastro,Rosalíadecastro;;;
Rotanev;Star;20:37:32.94;+14:35:42.4;Del;;;;;3.64;;;;;;;;;;;;;;;;;;HR 7882,bet Del,HIP 101769,HD 196524;Rotanev;;;
Ruchbah;Star;01:25:48.95;+60:14:07.0;Cas;;;;;2.66;;;;;;;;;;;;;;;;;;HR 403,del Cas,HIP 6686,HD 8538;Ruchbah;;;
Rukbat;Star;19:23:53.18;-40:36:57.4;Sgr;;;;;3.96;;;;;;;;;;;;;;;;;;HR 7348,alf Sgr,HIP 95347,HD 181869;Rukbat;;;
Sabik;Star;17:10:22.69;-15:43:29.7;Oph;;;;;2.43;;;;;;;;;;;;;;;;;;HR 6378,eta Oph,HIP 84012,HD 155125;Sabik;;;
Saclateni;Star;05:02:28.69;+41:04:33.0;Aur;;;;;3.69;;;;;;;;;;;;;;;;;;HR 1612,zet Aur,HIP 23453,HD 32068;Saclateni;;;
Sadachbia;Star;22:21:39.38;-01:23:14.4;Aqr;;;;;3.86;;;;;;;;;;;;;;;;;;HR 8518,gam Aqr,HIP 110395,HD 212061;Sadachbia;;;
Sadalbari;Star;22:50:00.19;+24:36:05.7;Peg;;;;;3.51;;;;;;;;;;;;;;;;;;HR 8684,mu Peg,HIP 112748,HD 216131;Sadalbari;;;
Sadalmelik;Star;22:05:47.04;-00:19:11.5;Aqr;;;;;2.95;;;;;;;;;;;;;;;;;;HR 8414,alf Aqr,HIP 109074,HD 209750;Sadalmelik;;;
Sadalsuud;Star;21:31:33.53;-05:34:16.2;Aqr;;;;;2.90;;;;;;;;;;;;;;;;;;HR 8232,bet Aqr,HIP 106278,HD 204867;Sadalsuud;;;
Sadr;Star;20:22:13.70;+40:15:24.0;Cyg;;;;;2.23;;;;;;;;;;;;;;;;;;HR 7796,gam Cyg,HIP 100453,HD 194093;Sadr;;;
Sagarmatha;Star;11:35:51.52;-04:45:20.5;Leo;;;;;8.42;;;;;;;;;;;;;;;;;;HD 100777,HIP 56572,HD 100777;Sagarmatha;;;
Saiph;Star;05:47:45.39;-09:40:10.6;Ori;;;;;2.07;;;;;;;;;;;;;;;;;;HR 2004,kap Ori,HIP 27366,HD 38771;Saiph;;;
Salm;Star;23:20:38.24;+23:44:25.2;Peg;;;;;4.58;;;;;;;;;;;;;;;;;;HR 8880,tau Peg,HIP 115250,HD 220061;Salm;;;
Samaya;Star;21:38:08.40;-31:44:14.9;PsA;;;;;8.56;;;;;;;;;;;;;;;;;;HD 205739,HIP 106824,HD 205739;Samaya,Sāmaya;;;
Sansuna;Star;20:12:46.89;+18:06:17.4;Sge;;;;;10.31;;;;;;;;;;;;;;;;;;HAT-P-34;Sansuna;;;
Sargas;Star;17:37:19.13;-42:59:52.2;Sco;;;;;1.86;;;;;;;;;;;;;;;;;;HR 6553,tet Sco,HIP 86228,HD 159532;Sargas;;;
Sarin;Star;17:15:01.91;+24:50:21.1;Her;;;;;3.12;;;;;;;;;;;;;;;;;;HR 6410,del Her,HIP 84379,HD 156164;Sarin;;;
Sceptrum;Star;04:38:10.82;-14:18:14.5;Eri;;;;;4.02;;;;;;;;;;;;;;;;;;HR 1481,53 Eri,HIP 21594,HD 29503;Sceptrum;;;
Scheat;Star;23:03:46.46;+28:04:58.0;Peg;;;;;2.44;;;;;;;;;;;;;;;;;;HR 8775,bet Peg,HIP 113881,HD 217906;Scheat;;;
Schedar;Star;00:40:30.44;+56:32:14.4;Cas;;;;;2.24;;;;;;;;;;;;;;;;;;HR 168,alf Cas,HIP 3179,HD 3712;Schedar;;;
Secunda Hyadum;Star;04:22:56.09;+17:32:33.1;Tau;;;;;3.78;;;;;;;;;;;;;;;;;;HR 1373,del01 Tau,HIP 20455,HD 27697;Secunda Hyadum;;;
Segin;Star;01:54:23.73;+63:40:12.4;Cas;;;;;3.35;;;;;;;;;;;;;;;;;;HR 0542,eps Cas,HIP 8886,HD 11415;Segin;;;
Seginus;Star;14:32:04.67;+38:18:29.7;Boo;;;;;3.04;;;;;;;;;;;;;;;;;;HR 5435,gam Boo,HIP 71075,HD 127762;Seginus;;;
Sham;Star;19:40:05.79;+18:00:50.0;Sge;;;;;4.39;;;;;;;;;;;;;;;;;;HR 7479,alf Sge,HIP 96757,HD 185758;Sham;;;
Shama;Star;11:24:17.36;-01:31:44.7;Leo;;;;;9.10;;;;;;;;;;;;;;;;;;HD 99109,HIP 55664,HD 99109;Shama;;;
Sharjah;Star;16:12:41.78;-18:52:31.8;Sco;;;;;11.34;;;;;;;;;;;;;;;;;;HIP 79431,HIP 79431;Sharjah;;;
Shaula;Star;17:33:36.52;-37:06:13.8;Sco;;;;;2.08;;;;;;;;;;;;;;;;;;HR 6527,lam Sco,HIP 85927,HD 158926;Shaula;;;
Sheliak;Star;18:50:04.79;+33:21:45.6;Lyr;;;;;3.60;;;;;;;;;;;;;;;;;;HR 7106,bet Lyr,HIP 92420,HD 174638;Sheliak;;;
Sheratan;Star;01:54:38.41;+20:48:28.9;Ari;;;;;2.70;;;;;;;;;;;;;;;;;;HR 553,bet Ari,HIP 8903,HD 11636;Sheratan;;;
Sika;Star;19:22:52.98;-32:55:08.6;Sgr;;;;;7.84;;;;;;;;;;;;;;;;;;HD 181720,HIP 95262,HD 181720;Sika;;;
Sirius;Star;06:45:08.92;-16:42:58.0;CMa;;;;;-1.45;;;;;;;;;;;;;;;;;;HR 2491,alf CMa,HIP 32349,HD 48915;Sirius;;;
Situla;Star;22:37:45.38;-04:13:41.0;Aqr;;;;;5.04;;;;;;;;;;;;;;;;;;HR 8610,kap Aqr,HIP 111710,HD 214376;Situla;;;
Skat;Star;22:54:39.01;-15:49:15.0;Aqr;;;;;3.27;;;;;;;;;;;;;;;;;;HR 8709,del Aqr,HIP 113136,HD 216627;Skat;;;
Solaris;Star;21:13:35.99;+14:41:21.8;Peg;;;;;9.78;;;;;;;;;;;;;;;;;;BD+14 4559,HIP 104780;Solaris;;;
Spica;Star;13:25:11.58;-11:09:40.7;Vir;;;;;0.98;;;;;;;;;;;;;;;;;;HR 5056,alf Vir,HIP 65474,HD 116658;Spica;;;
Sterrennacht;Star;23:39:05.81;+42:27:57.5;And;;;;;10.54;;;;;;;;;;;;;;;;;;HAT-P-6;Sterrennacht;;;
Stribor;Star;08:53:50.81;+33:03:24.5;Lyn;;;;;8.03;;;;;;;;;;;;;;;;;;HD 75898,HIP 43674,HD 75898;Stribor;;;
Sualocin;Star;20:39:38.29;+15:54:43.5;Del;;;;;3.86;;;;;;;;;;;;;;;;;;HR 7906,alf Del,HIP 101958,HD 196867;Sualocin;;;
Subra;Star;09:41:09.03;+09:53:32.3;Leo;;;;;3.52;;;;;;;;;;;;;;;;;;HR 3852,omi Leo,HIP 47508,HD 83808;Subra;;;
Suhail;Star;09:07:59.76;-43:25:57.3;Vel;;;;;2.23;;;;;;;;;;;;;;;;;;HR 3634,lam Vel,HIP 44816,HD 78647;Suhail;;;
Sulafat;Star;18:58:56.62;+32:41:22.4;Lyr;;;;;3.25;;;;;;;;;;;;;;;;;;HR 7178,gam Lyr,HIP 93194,HD 176437;Sulafat;;;
Syrma;Star;14:16:00.87;-06:00:02.0;Vir;;;;;4.07;;;;;;;;;;;;;;;;;;HR 5338,iot Vir,HIP 69701,HD 124850;Syrma;;;
Tabit;Star;04:49:50.41;+06:57:40.6;Ori;;;;;3.19;;;;;;;;;;;;;;;;;;HR 1543,pi03 Ori,HIP 22449,HD 30652;Tabit;;;
Taika;Star;22:22:03.09;+45:27:26.5;Lac;;;;;11.35;;;;;;;;;;;;;;;;;;HAT-P-40;Taika;;;
Taiyangshou;Star;11:46:03.01;+47:46:45.9;UMa;;;;;3.69;;;;;;;;;;;;;;;;;;HR 4518,chi UMa,HIP 57399,HD 102224;Taiyangshou;;;
Taiyi;Star;12:55:28.55;+65:26:18.5;Dra;;;;;5.23;;;;;;;;;;;;;;;;;;HR 4916,8 Dra,HIP 63076,HD 112429;Taiyi;;;
Talitha;Star;08:59:12.45;+48:02:30.6;UMa;;;;;3.12;;;;;;;;;;;;;;;;;;HR 3569,iot UMa,HIP 44127,HD 76644;Talitha;;;
Tangra;Star;23:09:58.25;+18:23:45.9;Peg;;;;;11.40;;;;;;;;;;;;;;;;;;WASP-21;Tangra;;;
Tania Australis;Star;10:22:19.74;+41:29:58.3;UMa;;;;;3.06;;;;;;;;;;;;;;;;;;HR 4069,mu UMa,HIP 50801,HD 89758;Tania Australis;;;
Tania Borealis;Star;10:17:05.78;+42:54:51.7;UMa;;;;;3.45;;;;;;;;;;;;;;;;;;HR 4033,lam UMa,HIP 50372,HD 89021;Tania Borealis;;;
Tapecue;Star;07:47:49.72;-54:15:50.9;Car;;;;;8.10;;;;;;;;;;;;;;;;;;HD 63765,HIP 38041,HD 63765;Tapecue;;;
Tarazed;Star;19:46:15.58;+10:36:47.7;Aql;;;;;2.72;;;;;;;;;;;;;;;;;;HR 7525,gam Aql,HIP 97278,HD 186791;Tarazed;;;
Tarf;Star;08:16:30.92;+09:11:08.0;Cnc;;;;;3.53;;;;;;;;;;;;;;;;;;HR 3249,bet Cnc,HIP 40526,HD 69267;Tarf;;;
Taygeta;Star;03:45:12.50;+24:28:02.2;Tau;;;;;4.30;;;;;;;;;;;;;;;;;;HR 1145,19 Tau,HIP 17531,HD 23338;Taygeta;;;
Tegmine;Star;08:12:12.76;+17:38:52.1;Cnc;;;;;5.24;;;;;;;;;;;;;;;;;;HR 3208,zet01 Cnc,HIP 40167,HD 68255;Tegmine;;;
Tejat;Star;06:22:57.63;+22:30:48.9;Gem;;;;;2.87;;;;;;;;;;;;;;;;;;HR 2286,mu Gem,HIP 30343,HD 44478;Tejat;;;
Terebellum;Star;19:55:50.36;-26:17:58.3;Sgr;;;;;4.70;;;;;;;;;;;;;;;;;;HR 7597,ome Sgr,HIP 98066,HD 188376;Terebellum;;;
Tevel;Star;07:20:40.46;+37:08:26.3;Aur;;;;;12.15;;;;;;;;;;;;;;;;;;HAT-P-9;Tevel;;;
Theemin;Star;04:35:33.04;-30:33:44.4;Eri;;;;;3.81;;;;;;;;;;;;;;;;;;HR 1464,ups02 Eri,HIP 21393,HD 29291;Theemin;;;
Thuban;Star;14:04:23.35;+64:22:33.1;Dra;;;;;3.67;;;;;;;;;;;;;;;;;;HR 5291,alf Dra,HIP 68756,HD 123299;Thuban;;;
Tiaki;Star;22:42:40.05;-46:53:04.5;Gru;;;;;2.12;;;;;;;;;;;;;;;;;;HR 8636,bet Gru,HIP 112122,HD 214952;Tiaki;;;
Tianguan;Star;05:37:38.69;+21:08:33.2;Tau;;;;;2.97;;;;;;;;;;;;;;;;;;HR 1910,zet Tau,HIP 26451,HD 37202;Tianguan;;;
Tianyi;Star;12:47:34.34;+66:47:25.1;Dra;;;;;5.43;;;;;;;;;;;;;;;;;;HR 4863,7 Dra,HIP 62423,HD 111335;Tianyi;;;
Timir;Star;16:28:28.15;-13:23:58.7;Oph;;;;;6.89;;;;;;;;;;;;;;;;;;HD 148427,HIP 80687,HD 148427;Timir;;;
Tislit;Star;08:25:21.08;-11:30:03.5;Pup;;;;;10.77;;;;;;;;;;;;;;;;;;WASP-161;Tislit;;;
Titawin;Star;01:36:47.84;+41:24:19.6;And;;;;;4.09;;;;;;;;;;;;;;;;;;HR 458,ups And,HIP 7513,HD 9826;Titawin;;;
Tojil;Star;03:31:16.33;-23:49:10.8;Eri;;;;;11.58;;;;;;;;;;;;;;;;;;WASP-22;Tojil;;;
Toliman;Star;14:39:35.06;-60:50:15.1;Cen;;;;;1.35;;;;;;;;;;;;;;;;;;HR 5460,alf Cen,HIP 71681,HD 128621;Toliman;;;
Tonatiuh;Star;12:05:15.12;+76:54:20.6;Cam;;;;;5.80;;;;;;;;;;;;;;;;;;HR 4609,HIP 58952,HD 104985;Tonatiuh;;;
Torcular;Star;01:45:23.63;+09:09:27.9;Psc;;;;;4.29;;;;;;;;;;;;;;;;;;HR 510,omi Psc,HIP 8198,HD 10761;Torcular;;;
Tuiren;Star;12:33:03.91;+44:54:55.2;CVn;;;;;12.09;;;;;;;;;;;;;;;;;;HAT-P-36;Tuiren;;;
Tupa;Star;12:25:46.27;-64:01:19.5;Cru;;;;;6.99;;;;;;;;;;;;;;;;;;HD 108147,HIP 60644,HD 108147;Tupa,Tupã;;;
Tupi;Star;03:39:43.10;-52:54:57.0;Ret;;;;;7.12;;;;;;;;;;;;;;;;;;HD 23079,HIP 17096,HD 23079;Tupi;;;
Tureis;Star;08:07:32.65;-24:18:15.6;Pup;;;;;2.83;;;;;;;;;;;;;;;;;;HR 3185,rho Pup,HIP 39757,HD 67523;Tureis;;;
Ukdah;Star;09:39:51.36;-01:08:34.1;Hya;;;;;3.90;;;;;;;;;;;;;;;;;;HR 3845,iot Hya,HIP 47431,HD 83618;Ukdah;;;
Uklun;Star;11:44:50.46;-58:42:13.4;Cen;;;;;7.47;;;;;;;;;;;;;;;;;;HD 102117,HIP 57291,HD 102117;Uklun;;;
Unukalhai;Star;15:44:16.07;+06:25:32.3;Ser;;;;;2.63;;;;;;;;;;;;;;;;;;HR 5854,alf Ser,HIP 77070,HD 140573;Unukalhai;;;
Uruk;Star;19:32:04.16;+16:28:27.4;Sge;;;;;8.97;;;;;;;;;;;;;;;;;;HD 231701,HIP 96078,HD 231701;Uruk;;;
Vega;Star;18:36:56.34;+38:47:01.3;Lyr;;;;;0.03;;;;;;;;;;;;;;;;;;HR 7001,alf Lyr,HIP 91262,HD 172167;Vega;;;
Veritate;Star;23:31:17.41;+39:14:10.3;And;;;;;5.22;;;;;;;;;;;;;;;;;;HR 8930,14 And,HIP 116076,HD 221345;Veritate;;;
Vindemiatrix;Star;13:02:10.60;+10:57:32.9;Vir;;;;;2.85;;;;;;;;;;;;;;;;;;HR 4932,eps Vir,HIP 63608,HD 113226;Vindemiatrix;;;
Wasat;Star;07:20:07.38;+21:58:56.3;Gem;;;;;3.52;;;;;;;;;;;;;;;;;;HR 2777,del Gem,HIP 35550,HD 56986;Wasat;;;
Wazn;Star;05:50:57.59;-35:46:05.9;Col;;;;;3.12;;;;;;;;;;;;;;;;;;HR 2040,bet Col,HIP 27628,HD 39425;Wazn;;;
Wezen;Star;07:08:23.48;-26:23:35.5;CMa;;;;;1.83;;;;;;;;;;;;;;;;;;HR 2693,del CMa,HIP 34444,HD 54605;Wezen;;;
Wurren;Star;01:08:23.08;-55:14:44.7;Phe;;;;;4.02;;;;;;;;;;;;;;;;;;HR 338,zet Phe,HIP 5348,HD 6882;Wurren;;;
Xamidimura;Star;16:51:52.23;-38:02:50.6;Sco;;;;;3.00;;;;;;;;;;;;;;;;;;HR 6247,mu01 Sco,HIP 82514,HD 151890;Xamidimura;;;
Xihe;Star;18:43:36.11;+36:33:23.8;Lyr;;;;;6.04;;;;;;;;;;;;;;;;;;HD 173416,HIP 91852,HD 173416;Xihe;;;
Xuange;Star;14:16:23.02;+46:05:17.9;Boo;;;;;4.18;;;;;;;;;;;;;;;;;;HR 5351,lam Boo,HIP 69732,HD 125162;Xuange;;;
Yed Posterior;Star;16:18:19.29;-04:41:33.0;Oph;;;;;3.23;;;;;;;;;;;;;;;;;;HR 6075,eps Oph,HIP 79882,HD 146791;Yed Posterior;;;
Yed Prior;Star;16:14:20.74;-03:41:39.6;Oph;;;;;2.73;;;;;;;;;;;;;;;;;;HR 6056,del Oph,HIP 79593,HD 146051;Yed Prior;;;
Yildun;Star;17:32:12.99;+86:35:11.3;UMi;;;;;4.35;;;;;;;;;;;;;;;;;;HR 6789,del UMi,HIP 85822,HD 166205;Yildun;;;
Zaniah;Star;12:19:54.35;-00:40:00.5;Vir;;;;;4.60;;;;;;;;;;;;;;;;;;HR 4689,eta Vir,HIP 60129,HD 107259;Zaniah;;;
Zaurak;Star;03:58:01.77;-13:30:30.7;Eri;;;;;2.97;;;;;;;;;;;;;;;;;;HR 1231,gam Eri,HIP 18543,HD 25025;Zaurak;;;
Zavijava;Star;11:50:41.72;+01:45:53.0;Vir;;;;;3.59;;;;;;;;;;;;;;;;;;HR 4540,bet Vir,HIP 57757,HD 102870;Zavijava;;;
Zhang;Star;09:51:28.69;-14:50:47.8;Hya;;;;;4.11;;;;;;;;;;;;;;;;;;HR 3903,ups01 Hya,HIP 48356,HD 85444;Zhang;;;
Zibal;Star;03:15:50.02;-08:49:11.0;Eri;;;;;4.80;;;;;;;;;;;;;;;;;;HR 984,zet Eri,HIP 15197,HD 20320;Zibal;;;
Zosma;Star;11:14:06.50;+20:31:25.4;Leo;;;;;2.56;;;;;;;;;;;;;;;;;;HR 4357,del Leo,HIP 54872,HD 97603;Zosma;;;
Zubenelgenubi;Star;14:50:52.71;-16:02:30.4;Lib;;;;;2.75;;;;;;;;;;;;;;;;;;HR 5531,alf02 Lib,HIP 72622,HD 130841;Zubenelgenubi;;;
Zubenelhakrabi;Star;15:35:31.58;-14:47:22.3;Lib;;;;;3.91;;;;;;;;;;;;;;;;;;HR 5787,gam Lib,HIP 76333,HD 138905;Zubenelhakrabi;;;
Zubeneschamali;Star;15:17:00.41;-09:22:58.5;Lib;;;;;2.61;;;;;;;;;;;;;;;;;;HR 5685,bet Lib,HIP 74785,HD 135742;Zubeneschamali;;;
